window size,number of subwindows,missing features for single sample (on avg.)
40MIN,2,7.57848101265823
40MIN,4,7.3566455696202535
40MIN,8,7.233544303797468
80MIN,2,9.00759493670886
80MIN,4,8.495886075949366
80MIN,8,8.22246835443038
160MIN,2,12.80284810126582
160MIN,4,11.549208860759494
160MIN,8,11.0309335443038
